Source,Target,,,,,,,,,,,,,,,,
7,0,,,,,,,,,,,,,,,,
7,1,,,,,,,,,,,,,,,,
7,2,,,,,,,,,,,,,,,,
7,3,,,,,,,,,,,,,,,,
7,4,,,,,,,,,,,,,,,,
7,5,,,,,,,,,,,,,,,,
7,6,,,,,,,,,,,,,,,,
7,0,,,,,,,,,,,,,,,,
0,1,,,,,,,,,,,,,,,,
0,7,,,,,,,,,,,,,,,,
0,2,,,,,,,,,,,,,,,,
0,3,,,,,,,,,,,,,,,, 
0,4,,,,,,,,,,,,,,,,
0,5,,,,,,,,,,,,,,,,
0,6,,,,,,,,,,,,,,,,
50,8,,,,,,,,,,,,,,,,
348,9,,,,,,,,,,,,,,,,
348,10,,,,,,,,,,,,,,,,
348,11,,,,,,,,,,,,,,,,
348,9,,,,,,,,,,,,,,,,
9,10,,,,,,,,,,,,,,,,
349,12,,,,,,,,,,,,,,,,
349,12,,,,,,,,,,,,,,,,
350,13,,,,,,,,,,,,,,,,
350,13,,,,,,,,,,,,,,,,
351,14,,,,,,,,,,,,,,,,
351,15,,,,,,,,,,,,,,,,
351,14,,,,,,,,,,,,,,,,
14,15,,,,,,,,,,,,,,,,
351,16,,,,,,,,,,,,,,,,
351,14,,,,,,,,,,,,,,,,
352,17,,,,,,,,,,,,,,,,
233,18,,,,,,,,,,,,,,,,
233,18,,,,,,,,,,,,,,,,
350,19,,,,,,,,,,,,,,,,
350,13,,,,,,,,,,,,,,,,
349,12,,,,,,,,,,,,,,,,
233,20,,,,,,,,,,,,,,,,
233,20,,,,,,,,,,,,,,,,
233,18,,,,,,,,,,,,,,,,
353,21,,,,,,,,,,,,,,,,
353,21,,,,,,,,,,,,,,,,
354,22,,,,,,,,,,,,,,,,
354,23,,,,,,,,,,,,,,,,
354,22,,,,,,,,,,,,,,,,
22,23,,,,,,,,,,,,,,,,
348,24,,,,,,,,,,,,,,,,
348,25,,,,,,,,,,,,,,,,
348,24,,,,,,,,,,,,,,,,
355,26,,,,,,,,,,,,,,,,
355,26,,,,,,,,,,,,,,,,
356,18,,,,,,,,,,,,,,,,
356,18,,,,,,,,,,,,,,,,
233,20,,,,,,,,,,,,,,,,
356,27,,,,,,,,,,,,,,,,
356,27,,,,,,,,,,,,,,,,
27,28,,,,,,,,,,,,,,,,
357,29,,,,,,,,,,,,,,,,
357,29,,,,,,,,,,,,,,,,
356,5,,,,,,,,,,,,,,,,
356,5,,,,,,,,,,,,,,,,
5,30,,,,,,,,,,,,,,,,
356,9,,,,,,,,,,,,,,,,
356,31,,,,,,,,,,,,,,,,
356,9,,,,,,,,,,,,,,,,
9,31,,,,,,,,,,,,,,,,
358,5,,,,,,,,,,,,,,,,
358,5,,,,,,,,,,,,,,,,
359,32,,,,,,,,,,,,,,,,
359,32,,,,,,,,,,,,,,,,
360,9,,,,,,,,,,,,,,,,
360,33,,,,,,,,,,,,,,,,
360,9,,,,,,,,,,,,,,,,
9,33,,,,,,,,,,,,,,,,
359,32,,,,,,,,,,,,,,,,
361,34,,,,,,,,,,,,,,,,
361,34,,,,,,,,,,,,,,,,
360,9,,,,,,,,,,,,,,,,
362,35,,,,,,,,,,,,,,,,
362,36,,,,,,,,,,,,,,,,
362,35,,,,,,,,,,,,,,,,
35,36,,,,,,,,,,,,,,,,
362,37,,,,,,,,,,,,,,,,
362,35,,,,,,,,,,,,,,,,
359,14,,,,,,,,,,,,,,,,
359,15,,,,,,,,,,,,,,,,
359,14,,,,,,,,,,,,,,,,
357,29,,,,,,,,,,,,,,,,
363,34,,,,,,,,,,,,,,,,
363,34,,,,,,,,,,,,,,,,
359,38,,,,,,,,,,,,,,,,
359,14,,,,,,,,,,,,,,,,
353,39,,,,,,,,,,,,,,,,
353,39,,,,,,,,,,,,,,,,
364,40,,,,,,,,,,,,,,,,
364,41,,,,,,,,,,,,,,,,
364,42,,,,,,,,,,,,,,,,
364,43,,,,,,,,,,,,,,,,
364,44,,,,,,,,,,,,,,,,
364,45,,,,,,,,,,,,,,,,
364,46,,,,,,,,,,,,,,,,
364,47,,,,,,,,,,,,,,,,
364,40,,,,,,,,,,,,,,,,
40,41,,,,,,,,,,,,,,,,
40,42,,,,,,,,,,,,,,,,
40,43,,,,,,,,,,,,,,,,
40,44,,,,,,,,,,,,,,,,
40,45,,,,,,,,,,,,,,,,
40,46,,,,,,,,,,,,,,,,
40,47,,,,,,,,,,,,,,,,
357,48,,,,,,,,,,,,,,,,
357,48,,,,,,,,,,,,,,,,
365,13,,,,,,,,,,,,,,,,
365,13,,,,,,,,,,,,,,,,
365,49,,,,,,,,,,,,,,,,
365,13,,,,,,,,,,,,,,,,
366,50,,,,,,,,,,,,,,,,
366,8,,,,,,,,,,,,,,,,
366,50,,,,,,,,,,,,,,,,
357,48,,,,,,,,,,,,,,,,
367,51,,,,,,,,,,,,,,,,
367,51,,,,,,,,,,,,,,,,
357,9,,,,,,,,,,,,,,,,
357,10,,,,,,,,,,,,,,,,
357,9,,,,,,,,,,,,,,,,
366,50,,,,,,,,,,,,,,,,
368,52,,,,,,,,,,,,,,,,
368,52,,,,,,,,,,,,,,,,
367,51,,,,,,,,,,,,,,,,
369,53,,,,,,,,,,,,,,,,
369,53,,,,,,,,,,,,,,,,
370,13,,,,,,,,,,,,,,,,
370,13,,,,,,,,,,,,,,,,
371,13,,,,,,,,,,,,,,,,
371,13,,,,,,,,,,,,,,,,
372,54,,,,,,,,,,,,,,,,
372,54,,,,,,,,,,,,,,,,
373,55,,,,,,,,,,,,,,,,
373,56,,,,,,,,,,,,,,,,
373,57,,,,,,,,,,,,,,,,
373,55,,,,,,,,,,,,,,,,
55,57,,,,,,,,,,,,,,,,
357,58,,,,,,,,,,,,,,,,
357,9,,,,,,,,,,,,,,,,
374,53,,,,,,,,,,,,,,,,
374,53,,,,,,,,,,,,,,,,
375,9,,,,,,,,,,,,,,,,
375,31,,,,,,,,,,,,,,,,
375,9,,,,,,,,,,,,,,,,
349,59,,,,,,,,,,,,,,,,
349,60,,,,,,,,,,,,,,,,
349,59,,,,,,,,,,,,,,,,
59,60,,,,,,,,,,,,,,,,
376,13,,,,,,,,,,,,,,,,
376,13,,,,,,,,,,,,,,,,
377,13,,,,,,,,,,,,,,,,
377,13,,,,,,,,,,,,,,,,
371,61,,,,,,,,,,,,,,,,
371,13,,,,,,,,,,,,,,,,
349,62,,,,,,,,,,,,,,,,
349,59,,,,,,,,,,,,,,,,
369,63,,,,,,,,,,,,,,,,
369,53,,,,,,,,,,,,,,,,
378,64,,,,,,,,,,,,,,,,
378,64,,,,,,,,,,,,,,,,
379,13,,,,,,,,,,,,,,,,
379,13,,,,,,,,,,,,,,,,
374,65,,,,,,,,,,,,,,,,
374,53,,,,,,,,,,,,,,,,
377,66,,,,,,,,,,,,,,,,
377,13,,,,,,,,,,,,,,,,
380,9,,,,,,,,,,,,,,,,
380,31,,,,,,,,,,,,,,,,
380,9,,,,,,,,,,,,,,,,
376,67,,,,,,,,,,,,,,,,
376,13,,,,,,,,,,,,,,,,
381,68,,,,,,,,,,,,,,,,
381,68,,,,,,,,,,,,,,,,
382,54,,,,,,,,,,,,,,,,
382,54,,,,,,,,,,,,,,,,
383,48,,,,,,,,,,,,,,,,
383,48,,,,,,,,,,,,,,,,
384,69,,,,,,,,,,,,,,,,
384,69,,,,,,,,,,,,,,,,
379,70,,,,,,,,,,,,,,,,
379,13,,,,,,,,,,,,,,,,
349,10,,,,,,,,,,,,,,,,
59,10,,,,,,,,,,,,,,,,
370,71,,,,,,,,,,,,,,,,
370,13,,,,,,,,,,,,,,,,
385,51,,,,,,,,,,,,,,,,
385,51,,,,,,,,,,,,,,,,
386,35,,,,,,,,,,,,,,,,
386,36,,,,,,,,,,,,,,,,
386,35,,,,,,,,,,,,,,,,
386,72,,,,,,,,,,,,,,,,
386,35,,,,,,,,,,,,,,,,
233,73,,,,,,,,,,,,,,,,
233,74,,,,,,,,,,,,,,,,
233,73,,,,,,,,,,,,,,,,
73,74,,,,,,,,,,,,,,,,
385,51,,,,,,,,,,,,,,,,
233,75,,,,,,,,,,,,,,,,
233,73,,,,,,,,,,,,,,,,
387,54,,,,,,,,,,,,,,,,
387,54,,,,,,,,,,,,,,,,
388,13,,,,,,,,,,,,,,,,
388,13,,,,,,,,,,,,,,,,
389,5,,,,,,,,,,,,,,,,
389,5,,,,,,,,,,,,,,,,
390,53,,,,,,,,,,,,,,,,
390,53,,,,,,,,,,,,,,,,
391,76,,,,,,,,,,,,,,,,
391,76,,,,,,,,,,,,,,,,
391,77,,,,,,,,,,,,,,,,
391,76,,,,,,,,,,,,,,,,
392,78,,,,,,,,,,,,,,,,
392,78,,,,,,,,,,,,,,,,
390,79,,,,,,,,,,,,,,,,
390,53,,,,,,,,,,,,,,,,
388,80,,,,,,,,,,,,,,,,
388,13,,,,,,,,,,,,,,,,
393,9,,,,,,,,,,,,,,,,
393,31,,,,,,,,,,,,,,,,
393,9,,,,,,,,,,,,,,,,
394,13,,,,,,,,,,,,,,,,
394,13,,,,,,,,,,,,,,,,
389,13,,,,,,,,,,,,,,,,
389,13,,,,,,,,,,,,,,,,
394,81,,,,,,,,,,,,,,,,
394,13,,,,,,,,,,,,,,,,
389,82,,,,,,,,,,,,,,,,
389,13,,,,,,,,,,,,,,,,
392,78,,,,,,,,,,,,,,,,
84,83,,,,,,,,,,,,,,,,
84,83,,,,,,,,,,,,,,,,
83,84,,,,,,,,,,,,,,,,
393,85,,,,,,,,,,,,,,,,
393,85,,,,,,,,,,,,,,,,
395,48,,,,,,,,,,,,,,,,
395,48,,,,,,,,,,,,,,,,
396,5,,,,,,,,,,,,,,,,
396,5,,,,,,,,,,,,,,,,
392,48,,,,,,,,,,,,,,,,
392,48,,,,,,,,,,,,,,,,
397,13,,,,,,,,,,,,,,,,
397,13,,,,,,,,,,,,,,,,
398,13,,,,,,,,,,,,,,,,
398,13,,,,,,,,,,,,,,,,
397,86,,,,,,,,,,,,,,,,
397,13,,,,,,,,,,,,,,,,
399,32,,,,,,,,,,,,,,,,
399,32,,,,,,,,,,,,,,,,
400,32,,,,,,,,,,,,,,,,
400,32,,,,,,,,,,,,,,,,
400,32,,,,,,,,,,,,,,,,
401,13,,,,,,,,,,,,,,,,
401,13,,,,,,,,,,,,,,,,
400,48,,,,,,,,,,,,,,,,
400,48,,,,,,,,,,,,,,,,
398,87,,,,,,,,,,,,,,,,
398,13,,,,,,,,,,,,,,,,
402,13,,,,,,,,,,,,,,,,
402,13,,,,,,,,,,,,,,,,
402,88,,,,,,,,,,,,,,,,
402,13,,,,,,,,,,,,,,,,
392,48,,,,,,,,,,,,,,,,
403,89,,,,,,,,,,,,,,,,
403,90,,,,,,,,,,,,,,,,
403,89,,,,,,,,,,,,,,,,
89,90,,,,,,,,,,,,,,,,
401,91,,,,,,,,,,,,,,,,
401,13,,,,,,,,,,,,,,,,
404,9,,,,,,,,,,,,,,,,
404,92,,,,,,,,,,,,,,,,
404,9,,,,,,,,,,,,,,,,
9,92,,,,,,,,,,,,,,,,
398,5,,,,,,,,,,,,,,,,
398,5,,,,,,,,,,,,,,,,
405,5,,,,,,,,,,,,,,,,
405,5,,,,,,,,,,,,,,,,
58,9,,,,,,,,,,,,,,,,
58,10,,,,,,,,,,,,,,,,
58,9,,,,,,,,,,,,,,,,
400,48,,,,,,,,,,,,,,,,
406,93,,,,,,,,,,,,,,,,
58,94,,,,,,,,,,,,,,,,
58,9,,,,,,,,,,,,,,,,
400,78,,,,,,,,,,,,,,,,
400,78,,,,,,,,,,,,,,,,
407,9,,,,,,,,,,,,,,,,
407,92,,,,,,,,,,,,,,,,
407,9,,,,,,,,,,,,,,,,
122,95,,,,,,,,,,,,,,,,
58,59,,,,,,,,,,,,,,,,
58,59,,,,,,,,,,,,,,,,
408,13,,,,,,,,,,,,,,,,
408,13,,,,,,,,,,,,,,,,
409,13,,,,,,,,,,,,,,,,
409,13,,,,,,,,,,,,,,,,
410,96,,,,,,,,,,,,,,,,
410,96,,,,,,,,,,,,,,,,
400,78,,,,,,,,,,,,,,,,
411,97,,,,,,,,,,,,,,,,
411,97,,,,,,,,,,,,,,,,
412,5,,,,,,,,,,,,,,,,
412,5,,,,,,,,,,,,,,,,
413,34,,,,,,,,,,,,,,,,
413,34,,,,,,,,,,,,,,,,
408,98,,,,,,,,,,,,,,,,
408,13,,,,,,,,,,,,,,,,
409,99,,,,,,,,,,,,,,,,
409,13,,,,,,,,,,,,,,,,
414,9,,,,,,,,,,,,,,,,
414,33,,,,,,,,,,,,,,,,
414,9,,,,,,,,,,,,,,,,
356,28,,,,,,,,,,,,,,,,
356,100,,,,,,,,,,,,,,,,
356,101,,,,,,,,,,,,,,,,
356,27,,,,,,,,,,,,,,,,
415,26,,,,,,,,,,,,,,,,
415,26,,,,,,,,,,,,,,,,
416,78,,,,,,,,,,,,,,,,
416,78,,,,,,,,,,,,,,,,
414,9,,,,,,,,,,,,,,,,
417,53,,,,,,,,,,,,,,,,
417,53,,,,,,,,,,,,,,,,
400,9,,,,,,,,,,,,,,,,
400,31,,,,,,,,,,,,,,,,
400,9,,,,,,,,,,,,,,,,
418,102,,,,,,,,,,,,,,,,
418,13,,,,,,,,,,,,,,,,
356,18,,,,,,,,,,,,,,,,
417,103,,,,,,,,,,,,,,,,
417,53,,,,,,,,,,,,,,,,
419,9,,,,,,,,,,,,,,,,
419,33,,,,,,,,,,,,,,,,
419,9,,,,,,,,,,,,,,,,
419,9,,,,,,,,,,,,,,,,
420,104,,,,,,,,,,,,,,,,
420,104,,,,,,,,,,,,,,,,
417,12,,,,,,,,,,,,,,,,
417,12,,,,,,,,,,,,,,,,
421,13,,,,,,,,,,,,,,,,
421,13,,,,,,,,,,,,,,,,
422,105,,,,,,,,,,,,,,,,
422,1,,,,,,,,,,,,,,,,
422,105,,,,,,,,,,,,,,,,
105,1,,,,,,,,,,,,,,,,
423,51,,,,,,,,,,,,,,,,
423,51,,,,,,,,,,,,,,,,
421,106,,,,,,,,,,,,,,,,
421,13,,,,,,,,,,,,,,,,
424,14,,,,,,,,,,,,,,,,
424,15,,,,,,,,,,,,,,,,
424,107,,,,,,,,,,,,,,,,
424,14,,,,,,,,,,,,,,,,
424,14,,,,,,,,,,,,,,,,
425,26,,,,,,,,,,,,,,,,
425,26,,,,,,,,,,,,,,,,
426,13,,,,,,,,,,,,,,,,
426,13,,,,,,,,,,,,,,,,
427,32,,,,,,,,,,,,,,,,
427,32,,,,,,,,,,,,,,,,
428,13,,,,,,,,,,,,,,,,
428,13,,,,,,,,,,,,,,,,
429,51,,,,,,,,,,,,,,,,
429,51,,,,,,,,,,,,,,,,
430,108,,,,,,,,,,,,,,,,
430,108,,,,,,,,,,,,,,,,
428,109,,,,,,,,,,,,,,,,
428,13,,,,,,,,,,,,,,,,
427,32,,,,,,,,,,,,,,,,
431,13,,,,,,,,,,,,,,,,
431,13,,,,,,,,,,,,,,,,
432,32,,,,,,,,,,,,,,,,
432,32,,,,,,,,,,,,,,,,
426,110,,,,,,,,,,,,,,,,
426,13,,,,,,,,,,,,,,,,
433,13,,,,,,,,,,,,,,,,
433,13,,,,,,,,,,,,,,,,
434,111,,,,,,,,,,,,,,,,
434,112,,,,,,,,,,,,,,,,
434,111,,,,,,,,,,,,,,,,
435,113,,,,,,,,,,,,,,,,
435,113,,,,,,,,,,,,,,,,
434,114,,,,,,,,,,,,,,,,
434,114,,,,,,,,,,,,,,,,
114,111,,,,,,,,,,,,,,,,
114,112,,,,,,,,,,,,,,,,
436,29,,,,,,,,,,,,,,,,
436,29,,,,,,,,,,,,,,,,
436,29,,,,,,,,,,,,,,,,
436,13,,,,,,,,,,,,,,,,
436,115,,,,,,,,,,,,,,,,
436,13,,,,,,,,,,,,,,,,
436,13,,,,,,,,,,,,,,,,
400,116,,,,,,,,,,,,,,,,
400,116,,,,,,,,,,,,,,,,
437,5,,,,,,,,,,,,,,,,
437,5,,,,,,,,,,,,,,,,
433,117,,,,,,,,,,,,,,,,
433,13,,,,,,,,,,,,,,,,
434,118,,,,,,,,,,,,,,,,
434,118,,,,,,,,,,,,,,,,
438,9,,,,,,,,,,,,,,,,
438,31,,,,,,,,,,,,,,,,
438,9,,,,,,,,,,,,,,,,
439,34,,,,,,,,,,,,,,,,
439,34,,,,,,,,,,,,,,,,
400,116,,,,,,,,,,,,,,,,
440,13,,,,,,,,,,,,,,,,
440,13,,,,,,,,,,,,,,,,
441,14,,,,,,,,,,,,,,,,
441,119,,,,,,,,,,,,,,,,
441,120,,,,,,,,,,,,,,,,
441,14,,,,,,,,,,,,,,,,
14,119,,,,,,,,,,,,,,,,
442,9,,,,,,,,,,,,,,,,
442,121,,,,,,,,,,,,,,,,
442,9,,,,,,,,,,,,,,,,
9,121,,,,,,,,,,,,,,,,
443,9,,,,,,,,,,,,,,,,
443,121,,,,,,,,,,,,,,,,
443,9,,,,,,,,,,,,,,,,
444,12,,,,,,,,,,,,,,,,
444,12,,,,,,,,,,,,,,,,
444,12,,,,,,,,,,,,,,,,
445,9,,,,,,,,,,,,,,,,
445,121,,,,,,,,,,,,,,,,
445,9,,,,,,,,,,,,,,,,
446,122,,,,,,,,,,,,,,,,
446,123,,,,,,,,,,,,,,,,
446,124,,,,,,,,,,,,,,,,
446,125,,,,,,,,,,,,,,,,
446,122,,,,,,,,,,,,,,,,
443,9,,,,,,,,,,,,,,,,
447,126,,,,,,,,,,,,,,,,
447,127,,,,,,,,,,,,,,,,
447,126,,,,,,,,,,,,,,,,
126,127,,,,,,,,,,,,,,,,
448,128,,,,,,,,,,,,,,,,
448,121,,,,,,,,,,,,,,,,
448,128,,,,,,,,,,,,,,,,
128,121,,,,,,,,,,,,,,,,
445,9,,,,,,,,,,,,,,,,
446,9,,,,,,,,,,,,,,,,
446,121,,,,,,,,,,,,,,,,
446,9,,,,,,,,,,,,,,,,
449,116,,,,,,,,,,,,,,,,
449,116,,,,,,,,,,,,,,,,
450,122,,,,,,,,,,,,,,,,
450,122,,,,,,,,,,,,,,,,
451,126,,,,,,,,,,,,,,,,
451,127,,,,,,,,,,,,,,,,
451,129,,,,,,,,,,,,,,,,
451,130,,,,,,,,,,,,,,,,
451,131,,,,,,,,,,,,,,,,
451,132,,,,,,,,,,,,,,,,
451,126,,,,,,,,,,,,,,,,
452,51,,,,,,,,,,,,,,,,
452,51,,,,,,,,,,,,,,,,
453,5,,,,,,,,,,,,,,,,
453,5,,,,,,,,,,,,,,,,
446,9,,,,,,,,,,,,,,,,
452,51,,,,,,,,,,,,,,,,
454,133,,,,,,,,,,,,,,,,
454,133,,,,,,,,,,,,,,,,
133,134,,,,,,,,,,,,,,,,
449,116,,,,,,,,,,,,,,,,
442,9,,,,,,,,,,,,,,,,
445,128,,,,,,,,,,,,,,,,
445,128,,,,,,,,,,,,,,,,
417,135,,,,,,,,,,,,,,,,
417,135,,,,,,,,,,,,,,,,
455,136,,,,,,,,,,,,,,,,
455,136,,,,,,,,,,,,,,,,
450,137,,,,,,,,,,,,,,,,
450,138,,,,,,,,,,,,,,,,
450,122,,,,,,,,,,,,,,,,
456,34,,,,,,,,,,,,,,,,
456,34,,,,,,,,,,,,,,,,
417,135,,,,,,,,,,,,,,,,
445,128,,,,,,,,,,,,,,,,
457,13,,,,,,,,,,,,,,,,
457,139,,,,,,,,,,,,,,,,
457,13,,,,,,,,,,,,,,,,
458,140,,,,,,,,,,,,,,,,
458,140,,,,,,,,,,,,,,,,
140,32,,,,,,,,,,,,,,,,
447,141,,,,,,,,,,,,,,,,
447,126,,,,,,,,,,,,,,,,
417,128,,,,,,,,,,,,,,,,
417,121,,,,,,,,,,,,,,,,
417,128,,,,,,,,,,,,,,,,
417,128,,,,,,,,,,,,,,,,
459,48,,,,,,,,,,,,,,,,
459,48,,,,,,,,,,,,,,,,
451,142,,,,,,,,,,,,,,,,
451,143,,,,,,,,,,,,,,,,
451,142,,,,,,,,,,,,,,,,
142,143,,,,,,,,,,,,,,,,
460,9,,,,,,,,,,,,,,,,
460,121,,,,,,,,,,,,,,,,
460,9,,,,,,,,,,,,,,,,
461,9,,,,,,,,,,,,,,,,
461,121,,,,,,,,,,,,,,,,
461,9,,,,,,,,,,,,,,,,
460,9,,,,,,,,,,,,,,,,
462,14,,,,,,,,,,,,,,,,
462,119,,,,,,,,,,,,,,,,
462,14,,,,,,,,,,,,,,,,
463,9,,,,,,,,,,,,,,,,
463,31,,,,,,,,,,,,,,,,
463,9,,,,,,,,,,,,,,,,
464,13,,,,,,,,,,,,,,,,
464,13,,,,,,,,,,,,,,,,
462,144,,,,,,,,,,,,,,,,
462,14,,,,,,,,,,,,,,,,
465,9,,,,,,,,,,,,,,,,
465,121,,,,,,,,,,,,,,,,
465,9,,,,,,,,,,,,,,,,
466,108,,,,,,,,,,,,,,,,
466,145,,,,,,,,,,,,,,,,
466,108,,,,,,,,,,,,,,,,
449,146,,,,,,,,,,,,,,,,
449,146,,,,,,,,,,,,,,,,
417,59,,,,,,,,,,,,,,,,
417,59,,,,,,,,,,,,,,,,
59,121,,,,,,,,,,,,,,,,
459,48,,,,,,,,,,,,,,,,
467,14,,,,,,,,,,,,,,,,
467,119,,,,,,,,,,,,,,,,
467,14,,,,,,,,,,,,,,,,
464,147,,,,,,,,,,,,,,,,
464,13,,,,,,,,,,,,,,,,
445,59,,,,,,,,,,,,,,,,
445,59,,,,,,,,,,,,,,,,
417,59,,,,,,,,,,,,,,,,
192,126,,,,,,,,,,,,,,,,
192,127,,,,,,,,,,,,,,,,
192,126,,,,,,,,,,,,,,,,
468,9,,,,,,,,,,,,,,,,
468,121,,,,,,,,,,,,,,,,
468,9,,,,,,,,,,,,,,,,
469,13,,,,,,,,,,,,,,,,
469,13,,,,,,,,,,,,,,,,
445,59,,,,,,,,,,,,,,,,
470,9,,,,,,,,,,,,,,,,
470,121,,,,,,,,,,,,,,,,
470,9,,,,,,,,,,,,,,,,
467,148,,,,,,,,,,,,,,,,
467,14,,,,,,,,,,,,,,,,
451,142,,,,,,,,,,,,,,,,
453,122,,,,,,,,,,,,,,,,
453,122,,,,,,,,,,,,,,,,
468,9,,,,,,,,,,,,,,,,
471,128,,,,,,,,,,,,,,,,
471,121,,,,,,,,,,,,,,,,
471,128,,,,,,,,,,,,,,,,
469,149,,,,,,,,,,,,,,,,
469,13,,,,,,,,,,,,,,,,
449,146,,,,,,,,,,,,,,,,
465,9,,,,,,,,,,,,,,,,
462,122,,,,,,,,,,,,,,,,
462,122,,,,,,,,,,,,,,,,
192,150,,,,,,,,,,,,,,,,
192,151,,,,,,,,,,,,,,,,
192,152,,,,,,,,,,,,,,,,
192,126,,,,,,,,,,,,,,,,
449,18,,,,,,,,,,,,,,,,
449,18,,,,,,,,,,,,,,,,
472,14,,,,,,,,,,,,,,,,
472,119,,,,,,,,,,,,,,,,
472,14,,,,,,,,,,,,,,,,
462,59,,,,,,,,,,,,,,,,
462,128,,,,,,,,,,,,,,,,
462,59,,,,,,,,,,,,,,,,
59,128,,,,,,,,,,,,,,,,
453,153,,,,,,,,,,,,,,,,
453,154,,,,,,,,,,,,,,,,
453,122,,,,,,,,,,,,,,,,
472,155,,,,,,,,,,,,,,,,
472,14,,,,,,,,,,,,,,,,
462,73,,,,,,,,,,,,,,,,
462,74,,,,,,,,,,,,,,,,
462,73,,,,,,,,,,,,,,,,
446,126,,,,,,,,,,,,,,,,
446,127,,,,,,,,,,,,,,,,
446,126,,,,,,,,,,,,,,,,
449,18,,,,,,,,,,,,,,,,
462,128,,,,,,,,,,,,,,,,
473,9,,,,,,,,,,,,,,,,
473,9,,,,,,,,,,,,,,,,
474,5,,,,,,,,,,,,,,,,
474,5,,,,,,,,,,,,,,,,
475,156,,,,,,,,,,,,,,,,
476,157,,,,,,,,,,,,,,,,
476,158,,,,,,,,,,,,,,,,
476,157,,,,,,,,,,,,,,,,
157,158,,,,,,,,,,,,,,,,
449,73,,,,,,,,,,,,,,,,
449,74,,,,,,,,,,,,,,,,
449,73,,,,,,,,,,,,,,,,
477,140,,,,,,,,,,,,,,,,
477,32,,,,,,,,,,,,,,,,
477,140,,,,,,,,,,,,,,,,
471,128,,,,,,,,,,,,,,,,
446,126,,,,,,,,,,,,,,,,
478,59,,,,,,,,,,,,,,,,
478,128,,,,,,,,,,,,,,,,
478,59,,,,,,,,,,,,,,,,
476,157,,,,,,,,,,,,,,,,
449,159,,,,,,,,,,,,,,,,
449,73,,,,,,,,,,,,,,,,
467,59,,,,,,,,,,,,,,,,
467,121,,,,,,,,,,,,,,,,
467,59,,,,,,,,,,,,,,,,
478,59,,,,,,,,,,,,,,,,
215,9,,,,,,,,,,,,,,,,
215,121,,,,,,,,,,,,,,,,
215,9,,,,,,,,,,,,,,,,
467,59,,,,,,,,,,,,,,,,
473,9,,,,,,,,,,,,,,,,
479,160,,,,,,,,,,,,,,,,
479,161,,,,,,,,,,,,,,,,
479,162,,,,,,,,,,,,,,,,
479,163,,,,,,,,,,,,,,,,
479,164,,,,,,,,,,,,,,,,
479,165,,,,,,,,,,,,,,,,
479,166,,,,,,,,,,,,,,,,
479,167,,,,,,,,,,,,,,,,
479,168,,,,,,,,,,,,,,,,
479,160,,,,,,,,,,,,,,,,
160,161,,,,,,,,,,,,,,,,
480,9,,,,,,,,,,,,,,,,
480,31,,,,,,,,,,,,,,,,
480,9,,,,,,,,,,,,,,,,
481,35,,,,,,,,,,,,,,,,
481,36,,,,,,,,,,,,,,,,
481,35,,,,,,,,,,,,,,,,
482,14,,,,,,,,,,,,,,,,
482,119,,,,,,,,,,,,,,,,
482,14,,,,,,,,,,,,,,,,
483,14,,,,,,,,,,,,,,,,
483,119,,,,,,,,,,,,,,,,
483,14,,,,,,,,,,,,,,,,
481,169,,,,,,,,,,,,,,,,
481,35,,,,,,,,,,,,,,,,
453,128,,,,,,,,,,,,,,,,
453,121,,,,,,,,,,,,,,,,
453,128,,,,,,,,,,,,,,,,
483,170,,,,,,,,,,,,,,,,
483,14,,,,,,,,,,,,,,,,
473,171,,,,,,,,,,,,,,,,
473,172,,,,,,,,,,,,,,,,
473,171,,,,,,,,,,,,,,,,
171,172,,,,,,,,,,,,,,,,
484,9,,,,,,,,,,,,,,,,
484,121,,,,,,,,,,,,,,,,
484,9,,,,,,,,,,,,,,,,
453,128,,,,,,,,,,,,,,,,
485,140,,,,,,,,,,,,,,,,
485,140,,,,,,,,,,,,,,,,
486,32,,,,,,,,,,,,,,,,
486,32,,,,,,,,,,,,,,,,
482,173,,,,,,,,,,,,,,,,
482,14,,,,,,,,,,,,,,,,
484,9,,,,,,,,,,,,,,,,
453,32,,,,,,,,,,,,,,,,
453,32,,,,,,,,,,,,,,,,
487,5,,,,,,,,,,,,,,,,
487,5,,,,,,,,,,,,,,,,
488,174,,,,,,,,,,,,,,,,
488,175,,,,,,,,,,,,,,,,
473,171,,,,,,,,,,,,,,,,
462,20,,,,,,,,,,,,,,,,
462,20,,,,,,,,,,,,,,,,
486,32,,,,,,,,,,,,,,,,
453,32,,,,,,,,,,,,,,,,
484,18,,,,,,,,,,,,,,,,
484,18,,,,,,,,,,,,,,,,
462,116,,,,,,,,,,,,,,,,
462,116,,,,,,,,,,,,,,,,
489,12,,,,,,,,,,,,,,,,
489,12,,,,,,,,,,,,,,,,
490,9,,,,,,,,,,,,,,,,
490,121,,,,,,,,,,,,,,,,
490,9,,,,,,,,,,,,,,,,
462,146,,,,,,,,,,,,,,,,
462,146,,,,,,,,,,,,,,,,
462,121,,,,,,,,,,,,,,,,
491,14,,,,,,,,,,,,,,,,
491,119,,,,,,,,,,,,,,,,
491,14,,,,,,,,,,,,,,,,
492,59,,,,,,,,,,,,,,,,
492,59,,,,,,,,,,,,,,,,
462,9,,,,,,,,,,,,,,,,
462,9,,,,,,,,,,,,,,,,
493,13,,,,,,,,,,,,,,,,
493,13,,,,,,,,,,,,,,,,
494,35,,,,,,,,,,,,,,,,
494,36,,,,,,,,,,,,,,,,
494,35,,,,,,,,,,,,,,,,
495,51,,,,,,,,,,,,,,,,
495,51,,,,,,,,,,,,,,,,
496,126,,,,,,,,,,,,,,,,
496,127,,,,,,,,,,,,,,,,
496,126,,,,,,,,,,,,,,,,
484,18,,,,,,,,,,,,,,,,
497,13,,,,,,,,,,,,,,,,
497,13,,,,,,,,,,,,,,,,
494,176,,,,,,,,,,,,,,,,
494,35,,,,,,,,,,,,,,,,
492,59,,,,,,,,,,,,,,,,
495,51,,,,,,,,,,,,,,,,
497,177,,,,,,,,,,,,,,,,
497,13,,,,,,,,,,,,,,,,
449,128,,,,,,,,,,,,,,,,
449,121,,,,,,,,,,,,,,,,
449,128,,,,,,,,,,,,,,,,
484,12,,,,,,,,,,,,,,,,
484,12,,,,,,,,,,,,,,,,
491,178,,,,,,,,,,,,,,,,
491,14,,,,,,,,,,,,,,,,
462,135,,,,,,,,,,,,,,,,
462,135,,,,,,,,,,,,,,,,
498,14,,,,,,,,,,,,,,,,
498,119,,,,,,,,,,,,,,,,
498,14,,,,,,,,,,,,,,,,
496,179,,,,,,,,,,,,,,,,
496,180,,,,,,,,,,,,,,,,
496,181,,,,,,,,,,,,,,,,
496,182,,,,,,,,,,,,,,,,
496,183,,,,,,,,,,,,,,,,
496,184,,,,,,,,,,,,,,,,
496,185,,,,,,,,,,,,,,,,
496,186,,,,,,,,,,,,,,,,
496,187,,,,,,,,,,,,,,,,
496,188,,,,,,,,,,,,,,,,
496,189,,,,,,,,,,,,,,,,
496,190,,,,,,,,,,,,,,,,
496,191,,,,,,,,,,,,,,,,
496,192,,,,,,,,,,,,,,,,
496,193,,,,,,,,,,,,,,,,
496,194,,,,,,,,,,,,,,,,
496,195,,,,,,,,,,,,,,,,
496,129,,,,,,,,,,,,,,,,
496,126,,,,,,,,,,,,,,,,
462,196,,,,,,,,,,,,,,,,
462,196,,,,,,,,,,,,,,,,
442,59,,,,,,,,,,,,,,,,
442,60,,,,,,,,,,,,,,,,
442,59,,,,,,,,,,,,,,,,
498,197,,,,,,,,,,,,,,,,
498,14,,,,,,,,,,,,,,,,
449,128,,,,,,,,,,,,,,,,
499,13,,,,,,,,,,,,,,,,
499,13,,,,,,,,,,,,,,,,
490,9,,,,,,,,,,,,,,,,
462,18,,,,,,,,,,,,,,,,
462,18,,,,,,,,,,,,,,,,
500,14,,,,,,,,,,,,,,,,
500,119,,,,,,,,,,,,,,,,
500,14,,,,,,,,,,,,,,,,
442,198,,,,,,,,,,,,,,,,
442,59,,,,,,,,,,,,,,,,
501,14,,,,,,,,,,,,,,,,
501,119,,,,,,,,,,,,,,,,
501,14,,,,,,,,,,,,,,,,
484,13,,,,,,,,,,,,,,,,
484,13,,,,,,,,,,,,,,,,
449,199,,,,,,,,,,,,,,,,
449,199,,,,,,,,,,,,,,,,
484,12,,,,,,,,,,,,,,,,
484,200,,,,,,,,,,,,,,,,
484,13,,,,,,,,,,,,,,,,
500,201,,,,,,,,,,,,,,,,
500,14,,,,,,,,,,,,,,,,
493,202,,,,,,,,,,,,,,,,
493,13,,,,,,,,,,,,,,,,
499,203,,,,,,,,,,,,,,,,
499,13,,,,,,,,,,,,,,,,
502,9,,,,,,,,,,,,,,,,
502,121,,,,,,,,,,,,,,,,
502,9,,,,,,,,,,,,,,,,
449,199,,,,,,,,,,,,,,,,
503,32,,,,,,,,,,,,,,,,
503,32,,,,,,,,,,,,,,,,
484,20,,,,,,,,,,,,,,,,
484,20,,,,,,,,,,,,,,,,
502,9,,,,,,,,,,,,,,,,
449,20,,,,,,,,,,,,,,,,
449,20,,,,,,,,,,,,,,,,
59,204,,,,,,,,,,,,,,,,
442,128,,,,,,,,,,,,,,,,
484,20,,,,,,,,,,,,,,,,
449,20,,,,,,,,,,,,,,,,
484,48,,,,,,,,,,,,,,,,
484,48,,,,,,,,,,,,,,,,
476,5,,,,,,,,,,,,,,,,
476,5,,,,,,,,,,,,,,,,
449,135,,,,,,,,,,,,,,,,
449,135,,,,,,,,,,,,,,,,
484,157,,,,,,,,,,,,,,,,
484,143,,,,,,,,,,,,,,,,
484,157,,,,,,,,,,,,,,,,
157,143,,,,,,,,,,,,,,,,
484,48,,,,,,,,,,,,,,,,
462,205,,,,,,,,,,,,,,,,
462,205,,,,,,,,,,,,,,,,
484,157,,,,,,,,,,,,,,,,
449,135,,,,,,,,,,,,,,,,
212,140,,,,,,,,,,,,,,,,
212,140,,,,,,,,,,,,,,,,
467,128,,,,,,,,,,,,,,,,
467,128,,,,,,,,,,,,,,,,
504,59,,,,,,,,,,,,,,,,
504,128,,,,,,,,,,,,,,,,
504,59,,,,,,,,,,,,,,,,
505,206,,,,,,,,,,,,,,,,
505,206,,,,,,,,,,,,,,,,
212,32,,,,,,,,,,,,,,,,
212,207,,,,,,,,,,,,,,,,
212,140,,,,,,,,,,,,,,,,
506,14,,,,,,,,,,,,,,,,
506,119,,,,,,,,,,,,,,,,
506,14,,,,,,,,,,,,,,,,
507,208,,,,,,,,,,,,,,,,
507,208,,,,,,,,,,,,,,,,
489,12,,,,,,,,,,,,,,,,
467,128,,,,,,,,,,,,,,,,
498,142,,,,,,,,,,,,,,,,
498,143,,,,,,,,,,,,,,,,
498,142,,,,,,,,,,,,,,,,
484,78,,,,,,,,,,,,,,,,
484,78,,,,,,,,,,,,,,,,
508,13,,,,,,,,,,,,,,,,
508,13,,,,,,,,,,,,,,,,
506,209,,,,,,,,,,,,,,,,
506,14,,,,,,,,,,,,,,,,
449,85,,,,,,,,,,,,,,,,
449,85,,,,,,,,,,,,,,,,
484,32,,,,,,,,,,,,,,,,
484,32,,,,,,,,,,,,,,,,
485,32,,,,,,,,,,,,,,,,
485,140,,,,,,,,,,,,,,,,
498,142,,,,,,,,,,,,,,,,
508,210,,,,,,,,,,,,,,,,
508,13,,,,,,,,,,,,,,,,
484,78,,,,,,,,,,,,,,,,
207,140,,,,,,,,,,,,,,,,
207,32,,,,,,,,,,,,,,,,
207,211,,,,,,,,,,,,,,,,
207,212,,,,,,,,,,,,,,,,
207,140,,,,,,,,,,,,,,,,
484,32,,,,,,,,,,,,,,,,
449,85,,,,,,,,,,,,,,,,
509,128,,,,,,,,,,,,,,,,
509,121,,,,,,,,,,,,,,,,
509,128,,,,,,,,,,,,,,,,
510,73,,,,,,,,,,,,,,,,
510,74,,,,,,,,,,,,,,,,
510,73,,,,,,,,,,,,,,,,
511,213,,,,,,,,,,,,,,,,
213,81,,,,,,,,,,,,,,,,
119,14,,,,,,,,,,,,,,,,
119,14,,,,,,,,,,,,,,,,
512,51,,,,,,,,,,,,,,,,
512,51,,,,,,,,,,,,,,,,
509,128,,,,,,,,,,,,,,,,
513,32,,,,,,,,,,,,,,,,
513,32,,,,,,,,,,,,,,,,
514,9,,,,,,,,,,,,,,,,
514,121,,,,,,,,,,,,,,,,
514,9,,,,,,,,,,,,,,,,
512,51,,,,,,,,,,,,,,,,
515,51,,,,,,,,,,,,,,,,
515,51,,,,,,,,,,,,,,,,
516,214,,,,,,,,,,,,,,,,
516,214,,,,,,,,,,,,,,,,
510,215,,,,,,,,,,,,,,,,
510,125,,,,,,,,,,,,,,,,
510,73,,,,,,,,,,,,,,,,
517,14,,,,,,,,,,,,,,,,
517,119,,,,,,,,,,,,,,,,
517,14,,,,,,,,,,,,,,,,
518,108,,,,,,,,,,,,,,,,
518,108,,,,,,,,,,,,,,,,
517,216,,,,,,,,,,,,,,,,
517,14,,,,,,,,,,,,,,,,
519,35,,,,,,,,,,,,,,,,
519,36,,,,,,,,,,,,,,,,
519,35,,,,,,,,,,,,,,,,
119,217,,,,,,,,,,,,,,,,
119,14,,,,,,,,,,,,,,,,
520,218,,,,,,,,,,,,,,,,
520,218,,,,,,,,,,,,,,,,
218,219,,,,,,,,,,,,,,,,
519,220,,,,,,,,,,,,,,,,
519,35,,,,,,,,,,,,,,,,
466,29,,,,,,,,,,,,,,,,
466,29,,,,,,,,,,,,,,,,
510,76,,,,,,,,,,,,,,,,
510,76,,,,,,,,,,,,,,,,
521,221,,,,,,,,,,,,,,,,
520,219,,,,,,,,,,,,,,,,
520,218,,,,,,,,,,,,,,,,
522,14,,,,,,,,,,,,,,,,
522,119,,,,,,,,,,,,,,,,
522,14,,,,,,,,,,,,,,,,
510,76,,,,,,,,,,,,,,,,
523,14,,,,,,,,,,,,,,,,
523,119,,,,,,,,,,,,,,,,
523,14,,,,,,,,,,,,,,,,
484,122,,,,,,,,,,,,,,,,
484,122,,,,,,,,,,,,,,,,
524,73,,,,,,,,,,,,,,,,
524,74,,,,,,,,,,,,,,,,
524,73,,,,,,,,,,,,,,,,
462,48,,,,,,,,,,,,,,,,
462,48,,,,,,,,,,,,,,,,
522,222,,,,,,,,,,,,,,,,
522,14,,,,,,,,,,,,,,,,
476,59,,,,,,,,,,,,,,,,
476,223,,,,,,,,,,,,,,,,
476,59,,,,,,,,,,,,,,,,
59,223,,,,,,,,,,,,,,,,
523,224,,,,,,,,,,,,,,,,
523,14,,,,,,,,,,,,,,,,
525,142,,,,,,,,,,,,,,,,
525,143,,,,,,,,,,,,,,,,
525,142,,,,,,,,,,,,,,,,
518,225,,,,,,,,,,,,,,,,
518,108,,,,,,,,,,,,,,,,
466,14,,,,,,,,,,,,,,,,
466,15,,,,,,,,,,,,,,,,
466,14,,,,,,,,,,,,,,,,
525,226,,,,,,,,,,,,,,,,
525,142,,,,,,,,,,,,,,,,
510,5,,,,,,,,,,,,,,,,
510,5,,,,,,,,,,,,,,,,
526,227,,,,,,,,,,,,,,,,
526,228,,,,,,,,,,,,,,,,
526,229,,,,,,,,,,,,,,,,
526,230,,,,,,,,,,,,,,,,
526,231,,,,,,,,,,,,,,,,
526,81,,,,,,,,,,,,,,,,
526,232,,,,,,,,,,,,,,,,
526,227,,,,,,,,,,,,,,,,
527,218,,,,,,,,,,,,,,,,
527,218,,,,,,,,,,,,,,,,
498,135,,,,,,,,,,,,,,,,
498,135,,,,,,,,,,,,,,,,
484,233,,,,,,,,,,,,,,,,
484,122,,,,,,,,,,,,,,,,
518,29,,,,,,,,,,,,,,,,
518,29,,,,,,,,,,,,,,,,
515,51,,,,,,,,,,,,,,,,
478,128,,,,,,,,,,,,,,,,
528,27,,,,,,,,,,,,,,,,
528,27,,,,,,,,,,,,,,,,
529,5,,,,,,,,,,,,,,,,
529,5,,,,,,,,,,,,,,,,
498,135,,,,,,,,,,,,,,,,
517,9,,,,,,,,,,,,,,,,
517,121,,,,,,,,,,,,,,,,
517,9,,,,,,,,,,,,,,,,
527,219,,,,,,,,,,,,,,,,
527,218,,,,,,,,,,,,,,,,
530,234,,,,,,,,,,,,,,,,
478,128,,,,,,,,,,,,,,,,
531,14,,,,,,,,,,,,,,,,
531,119,,,,,,,,,,,,,,,,
531,14,,,,,,,,,,,,,,,,
532,51,,,,,,,,,,,,,,,,
532,51,,,,,,,,,,,,,,,,
531,235,,,,,,,,,,,,,,,,
531,14,,,,,,,,,,,,,,,,
533,5,,,,,,,,,,,,,,,,
533,5,,,,,,,,,,,,,,,,
528,28,,,,,,,,,,,,,,,,
528,236,,,,,,,,,,,,,,,,
528,237,,,,,,,,,,,,,,,,
528,27,,,,,,,,,,,,,,,,
534,128,,,,,,,,,,,,,,,,
534,128,,,,,,,,,,,,,,,,
476,59,,,,,,,,,,,,,,,,
532,51,,,,,,,,,,,,,,,,
531,128,,,,,,,,,,,,,,,,
531,128,,,,,,,,,,,,,,,,
518,29,,,,,,,,,,,,,,,,
534,128,,,,,,,,,,,,,,,,
535,238,,,,,,,,,,,,,,,,
535,239,,,,,,,,,,,,,,,,
535,240,,,,,,,,,,,,,,,,
535,241,,,,,,,,,,,,,,,,
535,242,,,,,,,,,,,,,,,,
535,243,,,,,,,,,,,,,,,,
535,244,,,,,,,,,,,,,,,,
535,245,,,,,,,,,,,,,,,,
535,246,,,,,,,,,,,,,,,,
535,247,,,,,,,,,,,,,,,,
535,248,,,,,,,,,,,,,,,,
535,249,,,,,,,,,,,,,,,,
535,250,,,,,,,,,,,,,,,,
535,251,,,,,,,,,,,,,,,,
535,252,,,,,,,,,,,,,,,,
535,253,,,,,,,,,,,,,,,,
450,9,,,,,,,,,,,,,,,,
450,31,,,,,,,,,,,,,,,,
450,9,,,,,,,,,,,,,,,,
529,59,,,,,,,,,,,,,,,,
529,121,,,,,,,,,,,,,,,,
529,59,,,,,,,,,,,,,,,,
449,12,,,,,,,,,,,,,,,,
449,12,,,,,,,,,,,,,,,,
510,157,,,,,,,,,,,,,,,,
510,143,,,,,,,,,,,,,,,,
510,157,,,,,,,,,,,,,,,,
536,53,,,,,,,,,,,,,,,,
536,53,,,,,,,,,,,,,,,,
537,14,,,,,,,,,,,,,,,,
537,119,,,,,,,,,,,,,,,,
537,14,,,,,,,,,,,,,,,,
538,248,,,,,,,,,,,,,,,,
538,249,,,,,,,,,,,,,,,,
538,250,,,,,,,,,,,,,,,,
538,251,,,,,,,,,,,,,,,,
538,252,,,,,,,,,,,,,,,,
538,254,,,,,,,,,,,,,,,,
538,255,,,,,,,,,,,,,,,,
538,256,,,,,,,,,,,,,,,,
538,257,,,,,,,,,,,,,,,,
538,258,,,,,,,,,,,,,,,,
538,259,,,,,,,,,,,,,,,,
538,260,,,,,,,,,,,,,,,,
538,261,,,,,,,,,,,,,,,,
538,262,,,,,,,,,,,,,,,,
538,263,,,,,,,,,,,,,,,,
538,253,,,,,,,,,,,,,,,,
484,264,,,,,,,,,,,,,,,,
484,264,,,,,,,,,,,,,,,,
289,265,,,,,,,,,,,,,,,,
289,265,,,,,,,,,,,,,,,,
536,14,,,,,,,,,,,,,,,,
536,119,,,,,,,,,,,,,,,,
536,14,,,,,,,,,,,,,,,,
292,9,,,,,,,,,,,,,,,,
292,121,,,,,,,,,,,,,,,,
292,9,,,,,,,,,,,,,,,,
537,266,,,,,,,,,,,,,,,,
537,14,,,,,,,,,,,,,,,,
531,128,,,,,,,,,,,,,,,,
510,157,,,,,,,,,,,,,,,,
539,267,,,,,,,,,,,,,,,,
539,267,,,,,,,,,,,,,,,,
531,59,,,,,,,,,,,,,,,,
531,59,,,,,,,,,,,,,,,,
540,268,,,,,,,,,,,,,,,,
540,269,,,,,,,,,,,,,,,,
540,270,,,,,,,,,,,,,,,,
540,271,,,,,,,,,,,,,,,,
540,272,,,,,,,,,,,,,,,,
540,273,,,,,,,,,,,,,,,,
540,274,,,,,,,,,,,,,,,,
540,275,,,,,,,,,,,,,,,,
540,268,,,,,,,,,,,,,,,,
529,59,,,,,,,,,,,,,,,,
449,12,,,,,,,,,,,,,,,,
498,9,,,,,,,,,,,,,,,,
498,9,,,,,,,,,,,,,,,,
344,5,,,,,,,,,,,,,,,,
344,5,,,,,,,,,,,,,,,,
278,276,,,,,,,,,,,,,,,,
278,277,,,,,,,,,,,,,,,,
278,22,,,,,,,,,,,,,,,,
278,23,,,,,,,,,,,,,,,,
278,276,,,,,,,,,,,,,,,,
276,278,,,,,,,,,,,,,,,,
276,277,,,,,,,,,,,,,,,,
276,22,,,,,,,,,,,,,,,,
276,23,,,,,,,,,,,,,,,,
534,121,,,,,,,,,,,,,,,,
536,142,,,,,,,,,,,,,,,,
536,143,,,,,,,,,,,,,,,,
536,142,,,,,,,,,,,,,,,,
442,33,,,,,,,,,,,,,,,,
462,142,,,,,,,,,,,,,,,,
462,143,,,,,,,,,,,,,,,,
462,142,,,,,,,,,,,,,,,,
541,32,,,,,,,,,,,,,,,,
541,32,,,,,,,,,,,,,,,,
484,264,,,,,,,,,,,,,,,,
531,59,,,,,,,,,,,,,,,,
484,52,,,,,,,,,,,,,,,,
484,52,,,,,,,,,,,,,,,,
542,14,,,,,,,,,,,,,,,,
542,119,,,,,,,,,,,,,,,,
542,14,,,,,,,,,,,,,,,,
543,32,,,,,,,,,,,,,,,,
543,32,,,,,,,,,,,,,,,,
544,128,,,,,,,,,,,,,,,,
544,128,,,,,,,,,,,,,,,,
498,9,,,,,,,,,,,,,,,,
462,142,,,,,,,,,,,,,,,,
531,18,,,,,,,,,,,,,,,,
531,18,,,,,,,,,,,,,,,,
542,279,,,,,,,,,,,,,,,,
542,14,,,,,,,,,,,,,,,,
453,78,,,,,,,,,,,,,,,,
453,78,,,,,,,,,,,,,,,,
510,32,,,,,,,,,,,,,,,,
510,32,,,,,,,,,,,,,,,,
518,48,,,,,,,,,,,,,,,,
518,48,,,,,,,,,,,,,,,,
545,14,,,,,,,,,,,,,,,,
545,119,,,,,,,,,,,,,,,,
545,14,,,,,,,,,,,,,,,,
453,78,,,,,,,,,,,,,,,,
545,280,,,,,,,,,,,,,,,,
545,14,,,,,,,,,,,,,,,,
546,53,,,,,,,,,,,,,,,,
546,53,,,,,,,,,,,,,,,,
450,78,,,,,,,,,,,,,,,,
450,78,,,,,,,,,,,,,,,,
547,9,,,,,,,,,,,,,,,,
547,31,,,,,,,,,,,,,,,,
547,9,,,,,,,,,,,,,,,,
548,85,,,,,,,,,,,,,,,,
548,85,,,,,,,,,,,,,,,,
549,9,,,,,,,,,,,,,,,,
549,33,,,,,,,,,,,,,,,,
549,9,,,,,,,,,,,,,,,,
484,52,,,,,,,,,,,,,,,,
545,13,,,,,,,,,,,,,,,,
545,13,,,,,,,,,,,,,,,,
449,157,,,,,,,,,,,,,,,,
449,143,,,,,,,,,,,,,,,,
449,157,,,,,,,,,,,,,,,,
531,18,,,,,,,,,,,,,,,,
546,281,,,,,,,,,,,,,,,,
546,53,,,,,,,,,,,,,,,,
544,128,,,,,,,,,,,,,,,,
537,128,,,,,,,,,,,,,,,,
537,121,,,,,,,,,,,,,,,,
537,128,,,,,,,,,,,,,,,,
549,9,,,,,,,,,,,,,,,,
484,142,,,,,,,,,,,,,,,,
484,142,,,,,,,,,,,,,,,,
498,18,,,,,,,,,,,,,,,,
498,18,,,,,,,,,,,,,,,,
537,128,,,,,,,,,,,,,,,,
550,9,,,,,,,,,,,,,,,,
550,31,,,,,,,,,,,,,,,,
550,9,,,,,,,,,,,,,,,,
551,9,,,,,,,,,,,,,,,,
551,121,,,,,,,,,,,,,,,,
551,9,,,,,,,,,,,,,,,,
484,142,,,,,,,,,,,,,,,,
545,13,,,,,,,,,,,,,,,,
551,9,,,,,,,,,,,,,,,,
552,9,,,,,,,,,,,,,,,,
552,121,,,,,,,,,,,,,,,,
552,9,,,,,,,,,,,,,,,,
518,48,,,,,,,,,,,,,,,,
545,128,,,,,,,,,,,,,,,,
545,121,,,,,,,,,,,,,,,,
545,128,,,,,,,,,,,,,,,,
553,282,,,,,,,,,,,,,,,,
553,282,,,,,,,,,,,,,,,,
285,283,,,,,,,,,,,,,,,,
285,284,,,,,,,,,,,,,,,,
285,283,,,,,,,,,,,,,,,,
283,284,,,,,,,,,,,,,,,,
283,285,,,,,,,,,,,,,,,,
498,18,,,,,,,,,,,,,,,,
450,78,,,,,,,,,,,,,,,,
552,9,,,,,,,,,,,,,,,,
554,14,,,,,,,,,,,,,,,,
554,119,,,,,,,,,,,,,,,,
554,14,,,,,,,,,,,,,,,,
510,13,,,,,,,,,,,,,,,,
510,13,,,,,,,,,,,,,,,,
554,286,,,,,,,,,,,,,,,,
554,14,,,,,,,,,,,,,,,,
400,128,,,,,,,,,,,,,,,,
400,121,,,,,,,,,,,,,,,,
400,128,,,,,,,,,,,,,,,,
531,73,,,,,,,,,,,,,,,,
531,74,,,,,,,,,,,,,,,,
531,73,,,,,,,,,,,,,,,,
555,9,,,,,,,,,,,,,,,,
555,121,,,,,,,,,,,,,,,,
555,9,,,,,,,,,,,,,,,,
453,135,,,,,,,,,,,,,,,,
453,135,,,,,,,,,,,,,,,,
556,32,,,,,,,,,,,,,,,,
556,32,,,,,,,,,,,,,,,,
544,59,,,,,,,,,,,,,,,,
544,59,,,,,,,,,,,,,,,,
510,13,,,,,,,,,,,,,,,,
453,135,,,,,,,,,,,,,,,,
476,48,,,,,,,,,,,,,,,,
476,48,,,,,,,,,,,,,,,,
534,53,,,,,,,,,,,,,,,,
534,53,,,,,,,,,,,,,,,,
557,35,,,,,,,,,,,,,,,,
557,36,,,,,,,,,,,,,,,,
557,35,,,,,,,,,,,,,,,,
544,59,,,,,,,,,,,,,,,,
534,287,,,,,,,,,,,,,,,,
534,53,,,,,,,,,,,,,,,,
557,288,,,,,,,,,,,,,,,,
557,35,,,,,,,,,,,,,,,,
509,9,,,,,,,,,,,,,,,,
509,9,,,,,,,,,,,,,,,,
558,14,,,,,,,,,,,,,,,,
558,119,,,,,,,,,,,,,,,,
558,14,,,,,,,,,,,,,,,,
559,289,,,,,,,,,,,,,,,,
559,265,,,,,,,,,,,,,,,,
559,289,,,,,,,,,,,,,,,,
544,9,,,,,,,,,,,,,,,,
544,121,,,,,,,,,,,,,,,,
544,9,,,,,,,,,,,,,,,,
560,13,,,,,,,,,,,,,,,,
560,13,,,,,,,,,,,,,,,,
400,128,,,,,,,,,,,,,,,,
509,9,,,,,,,,,,,,,,,,
558,290,,,,,,,,,,,,,,,,
558,14,,,,,,,,,,,,,,,,
476,48,,,,,,,,,,,,,,,,
466,9,,,,,,,,,,,,,,,,
466,10,,,,,,,,,,,,,,,,
466,9,,,,,,,,,,,,,,,,
560,291,,,,,,,,,,,,,,,,
560,13,,,,,,,,,,,,,,,,
544,292,,,,,,,,,,,,,,,,
544,9,,,,,,,,,,,,,,,,
466,293,,,,,,,,,,,,,,,,
466,293,,,,,,,,,,,,,,,,
561,14,,,,,,,,,,,,,,,,
561,119,,,,,,,,,,,,,,,,
561,14,,,,,,,,,,,,,,,,
562,294,,,,,,,,,,,,,,,,
563,128,,,,,,,,,,,,,,,,
563,121,,,,,,,,,,,,,,,,
563,128,,,,,,,,,,,,,,,,
10,9,,,,,,,,,,,,,,,,
10,9,,,,,,,,,,,,,,,,
400,59,,,,,,,,,,,,,,,,
400,59,,,,,,,,,,,,,,,,
564,14,,,,,,,,,,,,,,,,
564,119,,,,,,,,,,,,,,,,
564,14,,,,,,,,,,,,,,,,
563,14,,,,,,,,,,,,,,,,
563,119,,,,,,,,,,,,,,,,
563,14,,,,,,,,,,,,,,,,
565,48,,,,,,,,,,,,,,,,
565,48,,,,,,,,,,,,,,,,
566,53,,,,,,,,,,,,,,,,
566,53,,,,,,,,,,,,,,,,
298,295,,,,,,,,,,,,,,,,
298,296,,,,,,,,,,,,,,,,
298,297,,,,,,,,,,,,,,,,
298,295,,,,,,,,,,,,,,,,
295,298,,,,,,,,,,,,,,,,
295,296,,,,,,,,,,,,,,,,
295,297,,,,,,,,,,,,,,,,
563,299,,,,,,,,,,,,,,,,
563,14,,,,,,,,,,,,,,,,
10,59,,,,,,,,,,,,,,,,
10,59,,,,,,,,,,,,,,,,
567,35,,,,,,,,,,,,,,,,
567,36,,,,,,,,,,,,,,,,
567,35,,,,,,,,,,,,,,,,
564,300,,,,,,,,,,,,,,,,
564,14,,,,,,,,,,,,,,,,
498,20,,,,,,,,,,,,,,,,
498,20,,,,,,,,,,,,,,,,
567,301,,,,,,,,,,,,,,,,
567,35,,,,,,,,,,,,,,,,
568,9,,,,,,,,,,,,,,,,
568,121,,,,,,,,,,,,,,,,
568,9,,,,,,,,,,,,,,,,
561,302,,,,,,,,,,,,,,,,
561,14,,,,,,,,,,,,,,,,
466,303,,,,,,,,,,,,,,,,
466,304,,,,,,,,,,,,,,,,
466,303,,,,,,,,,,,,,,,,
498,20,,,,,,,,,,,,,,,,
569,9,,,,,,,,,,,,,,,,
569,121,,,,,,,,,,,,,,,,
569,9,,,,,,,,,,,,,,,,
570,305,,,,,,,,,,,,,,,,
570,306,,,,,,,,,,,,,,,,
570,307,,,,,,,,,,,,,,,,
570,308,,,,,,,,,,,,,,,,
570,309,,,,,,,,,,,,,,,,
570,310,,,,,,,,,,,,,,,,
570,311,,,,,,,,,,,,,,,,
570,312,,,,,,,,,,,,,,,,
570,313,,,,,,,,,,,,,,,,
570,314,,,,,,,,,,,,,,,,
570,315,,,,,,,,,,,,,,,,
400,59,,,,,,,,,,,,,,,,
571,32,,,,,,,,,,,,,,,,
571,32,,,,,,,,,,,,,,,,
569,9,,,,,,,,,,,,,,,,
498,128,,,,,,,,,,,,,,,,
498,121,,,,,,,,,,,,,,,,
498,128,,,,,,,,,,,,,,,,
537,20,,,,,,,,,,,,,,,,
537,20,,,,,,,,,,,,,,,,
571,32,,,,,,,,,,,,,,,,
572,53,,,,,,,,,,,,,,,,
572,53,,,,,,,,,,,,,,,,
563,9,,,,,,,,,,,,,,,,
563,9,,,,,,,,,,,,,,,,
572,316,,,,,,,,,,,,,,,,
572,53,,,,,,,,,,,,,,,,
537,20,,,,,,,,,,,,,,,,
518,59,,,,,,,,,,,,,,,,
518,128,,,,,,,,,,,,,,,,
518,59,,,,,,,,,,,,,,,,
573,9,,,,,,,,,,,,,,,,
573,92,,,,,,,,,,,,,,,,
573,9,,,,,,,,,,,,,,,,
574,93,,,,,,,,,,,,,,,,
400,9,,,,,,,,,,,,,,,,
531,73,,,,,,,,,,,,,,,,
498,59,,,,,,,,,,,,,,,,
498,59,,,,,,,,,,,,,,,,
484,59,,,,,,,,,,,,,,,,
484,128,,,,,,,,,,,,,,,,
484,59,,,,,,,,,,,,,,,,
575,13,,,,,,,,,,,,,,,,
575,13,,,,,,,,,,,,,,,,
531,9,,,,,,,,,,,,,,,,
531,9,,,,,,,,,,,,,,,,
518,59,,,,,,,,,,,,,,,,
466,199,,,,,,,,,,,,,,,,
466,199,,,,,,,,,,,,,,,,
576,317,,,,,,,,,,,,,,,,
576,318,,,,,,,,,,,,,,,,
576,319,,,,,,,,,,,,,,,,
576,320,,,,,,,,,,,,,,,,
576,321,,,,,,,,,,,,,,,,
576,317,,,,,,,,,,,,,,,,
317,318,,,,,,,,,,,,,,,,
317,319,,,,,,,,,,,,,,,,
317,320,,,,,,,,,,,,,,,,
317,321,,,,,,,,,,,,,,,,
317,322,,,,,,,,,,,,,,,,
317,323,,,,,,,,,,,,,,,,
317,324,,,,,,,,,,,,,,,,
317,325,,,,,,,,,,,,,,,,
317,326,,,,,,,,,,,,,,,,
317,327,,,,,,,,,,,,,,,,
317,328,,,,,,,,,,,,,,,,
317,329,,,,,,,,,,,,,,,,
577,330,,,,,,,,,,,,,,,,
577,331,,,,,,,,,,,,,,,,
577,330,,,,,,,,,,,,,,,,
578,14,,,,,,,,,,,,,,,,
578,119,,,,,,,,,,,,,,,,
578,14,,,,,,,,,,,,,,,,
578,332,,,,,,,,,,,,,,,,
578,14,,,,,,,,,,,,,,,,
579,122,,,,,,,,,,,,,,,,
579,122,,,,,,,,,,,,,,,,
484,59,,,,,,,,,,,,,,,,
580,208,,,,,,,,,,,,,,,,
580,208,,,,,,,,,,,,,,,,
581,32,,,,,,,,,,,,,,,,
581,32,,,,,,,,,,,,,,,,
498,59,,,,,,,,,,,,,,,,
449,59,,,,,,,,,,,,,,,,
449,59,,,,,,,,,,,,,,,,
575,333,,,,,,,,,,,,,,,,
575,334,,,,,,,,,,,,,,,,
575,335,,,,,,,,,,,,,,,,
575,13,,,,,,,,,,,,,,,,
531,9,,,,,,,,,,,,,,,,
449,59,,,,,,,,,,,,,,,,
582,268,,,,,,,,,,,,,,,,
582,269,,,,,,,,,,,,,,,,
582,270,,,,,,,,,,,,,,,,
582,271,,,,,,,,,,,,,,,,
582,272,,,,,,,,,,,,,,,,
582,273,,,,,,,,,,,,,,,,
582,274,,,,,,,,,,,,,,,,
480,35,,,,,,,,,,,,,,,,
480,36,,,,,,,,,,,,,,,,
480,35,,,,,,,,,,,,,,,,
583,9,,,,,,,,,,,,,,,,
583,33,,,,,,,,,,,,,,,,
583,9,,,,,,,,,,,,,,,,
551,59,,,,,,,,,,,,,,,,
551,128,,,,,,,,,,,,,,,,
551,59,,,,,,,,,,,,,,,,
480,336,,,,,,,,,,,,,,,,
480,35,,,,,,,,,,,,,,,,
466,12,,,,,,,,,,,,,,,,
466,12,,,,,,,,,,,,,,,,
584,9,,,,,,,,,,,,,,,,
584,9,,,,,,,,,,,,,,,,
583,9,,,,,,,,,,,,,,,,
585,337,,,,,,,,,,,,,,,,
585,338,,,,,,,,,,,,,,,,
585,337,,,,,,,,,,,,,,,,
337,338,,,,,,,,,,,,,,,,
453,199,,,,,,,,,,,,,,,,
453,199,,,,,,,,,,,,,,,,
537,12,,,,,,,,,,,,,,,,
537,12,,,,,,,,,,,,,,,,
586,126,,,,,,,,,,,,,,,,
586,127,,,,,,,,,,,,,,,,
586,126,,,,,,,,,,,,,,,,
467,9,,,,,,,,,,,,,,,,
467,9,,,,,,,,,,,,,,,,
551,59,,,,,,,,,,,,,,,,
587,35,,,,,,,,,,,,,,,,
587,36,,,,,,,,,,,,,,,,
587,35,,,,,,,,,,,,,,,,
588,9,,,,,,,,,,,,,,,,
588,121,,,,,,,,,,,,,,,,
588,9,,,,,,,,,,,,,,,,
587,339,,,,,,,,,,,,,,,,
587,35,,,,,,,,,,,,,,,,
589,13,,,,,,,,,,,,,,,,
589,13,,,,,,,,,,,,,,,,
586,340,,,,,,,,,,,,,,,,
586,126,,,,,,,,,,,,,,,,
453,199,,,,,,,,,,,,,,,,
589,341,,,,,,,,,,,,,,,,
589,13,,,,,,,,,,,,,,,,
537,12,,,,,,,,,,,,,,,,
590,342,,,,,,,,,,,,,,,,
342,297,,,,,,,,,,,,,,,,
550,196,,,,,,,,,,,,,,,,
550,196,,,,,,,,,,,,,,,,
579,343,,,,,,,,,,,,,,,,
579,344,,,,,,,,,,,,,,,,
579,122,,,,,,,,,,,,,,,,
591,157,,,,,,,,,,,,,,,,
591,143,,,,,,,,,,,,,,,,
591,157,,,,,,,,,,,,,,,,
573,59,,,,,,,,,,,,,,,,
573,121,,,,,,,,,,,,,,,,
573,59,,,,,,,,,,,,,,,,
592,14,,,,,,,,,,,,,,,,
592,119,,,,,,,,,,,,,,,,
592,14,,,,,,,,,,,,,,,,
514,140,,,,,,,,,,,,,,,,
514,140,,,,,,,,,,,,,,,,
592,345,,,,,,,,,,,,,,,,
592,14,,,,,,,,,,,,,,,,
466,18,,,,,,,,,,,,,,,,
466,18,,,,,,,,,,,,,,,,
593,13,,,,,,,,,,,,,,,,
593,13,,,,,,,,,,,,,,,,
550,346,,,,,,,,,,,,,,,,
550,196,,,,,,,,,,,,,,,,
514,32,,,,,,,,,,,,,,,,
514,347,,,,,,,,,,,,,,,,
514,140,,,,,,,,,,,,,,,,
467,9,,,,,,,,,,,,,,,,
